Zeit_UTC,Windgeschwindigkeit,Windrichtung,Temperatur
01.01.2016 00:00,1.65,284,6.9
01.01.2016 00:01,1.57,286,6.9
01.01.2016 00:02,1.99,285,6.9
01.01.2016 00:03,1.93,284,6.9
01.01.2016 00:04,1.84,278,6.8
01.01.2016 00:05,1.94,281,6.9
01.01.2016 00:06,1.81,280,6.9
01.01.2016 00:07,1.84,279,6.9
01.01.2016 00:08,1.89,280,6.9
01.01.2016 00:09,1.98,280,6.9
01.01.2016 00:10,2.04,286,6.9
01.01.2016 00:11,1.98,291,6.9
01.01.2016 00:12,1.89,284,6.9
01.01.2016 00:13,1.19,291,6.8
01.01.2016 00:14,1.81,284,6.9
01.01.2016 00:15,1.6,289,6.8
01.01.2016 00:16,2,280,6.7
01.01.2016 00:17,2.15,284,6.5
01.01.2016 00:18,1.92,283,6.3
01.01.2016 00:19,1.83,285,6.1
01.01.2016 00:20,2,280,6
01.01.2016 00:21,1.68,291,6
01.01.2016 00:22,1.77,284,6
01.01.2016 00:23,1.43,284,6
01.01.2016 00:24,1.3,267,5.9
01.01.2016 00:25,1.12,270,6
01.01.2016 00:26,1.78,287,6
01.01.2016 00:27,1.4,257,6
01.01.2016 00:28,1.18,272,6
01.01.2016 00:29,1.31,264,6
01.01.2016 00:30,1.66,271,6.1
01.01.2016 00:31,1.5,265,6.1
01.01.2016 00:32,1.77,273,6.2
01.01.2016 00:33,1.75,269,6.2
01.01.2016 00:34,1.76,269,6.2
01.01.2016 00:35,1.73,280,6.2
01.01.2016 00:36,1.93,276,6.3
01.01.2016 00:37,2.12,277,6.4
01.01.2016 00:38,2.08,272,6.3
01.01.2016 00:39,1.99,272,6.4
01.01.2016 00:40,2.26,270,6.4
01.01.2016 00:41,2.43,265,6.5
01.01.2016 00:42,1.88,263,6.4
01.01.2016 00:43,1.84,265,6.4
01.01.2016 00:44,2.16,266,6.5
01.01.2016 00:45,1.89,261,6.4
01.01.2016 00:46,2.32,261,6.5
01.01.2016 00:47,2.54,256,6.5
01.01.2016 00:48,2.09,257,6.5
01.01.2016 00:49,2.35,265,6.6
01.01.2016 00:50,2.32,255,6.6
01.01.2016 00:51,2.36,262,6.6
01.01.2016 00:52,1.93,259,6.6
01.01.2016 00:53,2.72,258,6.6
01.01.2016 00:54,2.98,266,6.8
01.01.2016 00:55,3.12,262,6.8
01.01.2016 00:56,3.18,267,6.8
01.01.2016 00:57,3.28,262,6.4
01.01.2016 00:58,2.91,257,6.4
01.01.2016 00:59,2.86,249,6.4
01.01.2016 01:00,2.35,254,6.4
01.01.2016 01:01,2.6,267,6.4
01.01.2016 01:02,2.48,278,6.4
01.01.2016 01:03,2.51,298,6.3
01.01.2016 01:04,3.3,277,6.2
01.01.2016 01:05,3.01,270,6.3
01.01.2016 01:06,3.15,269,6.4
01.01.2016 01:07,2.63,278,6.4
01.01.2016 01:08,3.29,292,6.5
01.01.2016 01:09,2.35,260,6.3
01.01.2016 01:10,3.58,261,6.5
01.01.2016 01:11,3.79,260,6.8
01.01.2016 01:12,2.81,273,6.8
01.01.2016 01:13,3.26,255,6.6
01.01.2016 01:14,3.54,266,6.7
01.01.2016 01:15,3.59,259,6.8
01.01.2016 01:16,2.9,254,6.8
01.01.2016 01:17,3.3,257,6.8
01.01.2016 01:18,2.88,265,6.8
01.01.2016 01:19,3.61,255,6.9
01.01.2016 01:20,4.01,258,7
01.01.2016 01:21,3.69,278,7
01.01.2016 01:22,4.21,268,7
01.01.2016 01:23,4.54,265,7
01.01.2016 01:24,3.03,276,6.9
01.01.2016 01:25,3.11,275,6.9
01.01.2016 01:26,3.64,275,7
01.01.2016 01:27,3.1,282,7
01.01.2016 01:28,3.56,278,7
01.01.2016 01:29,3.62,280,7
01.01.2016 01:30,3.78,281,7
01.01.2016 01:31,4.13,286,7.1
01.01.2016 01:32,3.89,284,7.1
01.01.2016 01:33,4.46,284,7.1
01.01.2016 01:34,4.34,284,7.1
01.01.2016 01:35,4.57,287,6.8
01.01.2016 01:36,4.59,284,6.7
01.01.2016 01:37,4.55,285,6.6
01.01.2016 01:38,4.54,288,6.5
01.01.2016 01:39,4.3,287,6.2
01.01.2016 01:40,4.04,289,6.2
01.01.2016 01:41,4.08,289,6.2
01.01.2016 01:42,3.83,289,6.2
01.01.2016 01:43,3.98,288,6.1
01.01.2016 01:44,4.55,285,6
01.01.2016 01:45,4.59,286,6
01.01.2016 01:46,5.21,283,6
01.01.2016 01:47,4.87,284,6
01.01.2016 01:48,4.93,286,6
01.01.2016 01:49,4.51,285,6
01.01.2016 01:50,4.54,290,6
01.01.2016 01:51,4.49,280,5.8
01.01.2016 01:52,4.23,288,5.8
01.01.2016 01:53,3.84,288,5.9
01.01.2016 01:54,4.12,282,5.9
01.01.2016 01:55,3.68,271,5.9
01.01.2016 01:56,3.64,283,5.9
01.01.2016 01:57,4,281,5.9
01.01.2016 01:58,3.81,271,5.9
01.01.2016 01:59,4.41,284,6
01.01.2016 02:00,3.66,278,5.8
01.01.2016 02:01,3.56,277,5.9
01.01.2016 02:02,3.43,274,5.9
01.01.2016 02:03,4.32,278,5.9
01.01.2016 02:04,3.99,280,6
01.01.2016 02:05,4.08,277,6
01.01.2016 02:06,3.16,281,6.2
01.01.2016 02:07,3.28,276,6.2
01.01.2016 02:08,3.35,274,6.2
01.01.2016 02:09,3.6,268,6.1
01.01.2016 02:10,3.42,261,6.1
01.01.2016 02:11,3.25,258,6.1
01.01.2016 02:12,3.79,258,6.3
01.01.2016 02:13,3.41,263,6.3
01.01.2016 02:14,3.67,267,6.5
01.01.2016 02:15,3.31,266,6.5
01.01.2016 02:16,3.73,264,6.5
01.01.2016 02:17,3.56,272,6.6
01.01.2016 02:18,3.71,276,6.5
01.01.2016 02:19,4.11,269,6.4
01.01.2016 02:20,3.75,270,6.2
01.01.2016 02:21,3.13,265,6.2
01.01.2016 02:22,3.51,268,6.3
01.01.2016 02:23,3.63,268,6.3
01.01.2016 02:24,2.85,257,6.3
01.01.2016 02:25,3.32,263,6.4
01.01.2016 02:26,3.33,261,6.4
01.01.2016 02:27,4.28,269,6.4
01.01.2016 02:28,3.46,272,6.5
01.01.2016 02:29,4.22,271,6.5
01.01.2016 02:30,3.84,270,6.5
01.01.2016 02:31,3.75,274,6.4
01.01.2016 02:32,3.94,265,6.4
01.01.2016 02:33,3.31,260,6.5
01.01.2016 02:34,2.86,249,6.5
01.01.2016 02:35,3.53,253,6.5
01.01.2016 02:36,3.55,254,6.5
01.01.2016 02:37,3.13,244,6.5
01.01.2016 02:38,2.75,255,6.4
01.01.2016 02:39,3.19,254,6
01.01.2016 02:40,3.18,260,5.8
01.01.2016 02:41,2.82,265,5.8
01.01.2016 02:42,3.9,265,5.8
01.01.2016 02:43,4.29,264,5.8
01.01.2016 02:44,3.87,266,5.8
01.01.2016 02:45,3.02,262,5.7
01.01.2016 02:46,3.74,271,5.8
01.01.2016 02:47,3.94,267,5.8
01.01.2016 02:48,3.47,271,5.8
01.01.2016 02:49,2.97,266,5.8
01.01.2016 02:50,2.81,266,5.7
01.01.2016 02:51,4.35,262,5.8
01.01.2016 02:52,3.21,261,5.7
01.01.2016 02:53,3.29,252,5.7
01.01.2016 02:54,3.38,266,5.8
01.01.2016 02:55,3.98,256,5.8
01.01.2016 02:56,3.44,263,5.8
01.01.2016 02:57,3.96,260,5.8
01.01.2016 02:58,2.95,266,5.9
01.01.2016 02:59,3.13,270,5.9
01.01.2016 03:00,3.78,264,5.8
01.01.2016 03:01,3.65,264,5.9
01.01.2016 03:02,3.54,256,5.9
01.01.2016 03:03,2.92,250,5.9
01.01.2016 03:04,3.28,278,5.8
01.01.2016 03:05,3.43,266,5.9
01.01.2016 03:06,3.57,273,6
01.01.2016 03:07,3.64,277,5.9
01.01.2016 03:08,3.47,280,5.8
01.01.2016 03:09,3.86,272,5.8
01.01.2016 03:10,3.59,266,5.8
01.01.2016 03:11,3.7,258,5.9
01.01.2016 03:12,3.84,260,6
01.01.2016 03:13,4.07,265,6
01.01.2016 03:14,4.33,265,6
01.01.2016 03:15,3.65,260,6
01.01.2016 03:16,3.45,260,6
01.01.2016 03:17,3.75,255,6
01.01.2016 03:18,3.14,250,6.1
01.01.2016 03:19,2.88,247,6
01.01.2016 03:20,2.62,253,6
01.01.2016 03:21,2.23,248,6.1
01.01.2016 03:22,3.66,255,6.1
01.01.2016 03:23,3.76,249,6.2
01.01.2016 03:24,3.46,263,6.2
01.01.2016 03:25,2.92,262,6.2
01.01.2016 03:26,4.13,251,6.2
01.01.2016 03:27,3.8,258,6
01.01.2016 03:28,4.29,263,6
01.01.2016 03:29,3.82,251,6
01.01.2016 03:30,4.05,274,6
01.01.2016 03:31,4.36,276,6
01.01.2016 03:32,4.99,278,6
01.01.2016 03:33,4.33,274,6
01.01.2016 03:34,3.8,282,6
01.01.2016 03:35,2.68,267,6
01.01.2016 03:36,3.33,266,6
01.01.2016 03:37,3.77,264,5.9
01.01.2016 03:38,4.12,265,5.9
01.01.2016 03:39,4.68,265,5.8
01.01.2016 03:40,3.88,272,5.9
01.01.2016 03:41,4.39,282,5.9
01.01.2016 03:42,4.18,268,5.9
01.01.2016 03:43,3.95,273,5.8
01.01.2016 03:44,4.09,267,5.7
01.01.2016 03:45,3.74,274,5.7
01.01.2016 03:46,4.15,272,5.7
01.01.2016 03:47,5.28,281,5.7
01.01.2016 03:48,4.4,283,5.7
01.01.2016 03:49,4.5,281,5.7
01.01.2016 03:50,5,280,5.7
01.01.2016 03:51,4.68,280,5.8
01.01.2016 03:52,4.31,278,5.8
01.01.2016 03:53,4.61,276,5.8
01.01.2016 03:54,4.27,272,5.7
01.01.2016 03:55,3.48,274,5.7
01.01.2016 03:56,4.59,273,5.7
01.01.2016 03:57,3.34,275,5.7
01.01.2016 03:58,4.07,277,5.7
01.01.2016 03:59,3.76,282,5.8
01.01.2016 04:00,4.18,280,5.8
01.01.2016 04:01,4.17,283,5.9
01.01.2016 04:02,4.46,281,5.9
01.01.2016 04:03,3.88,275,5.9
01.01.2016 04:04,3.95,272,5.9
01.01.2016 04:05,3.4,267,5.9
01.01.2016 04:06,3.07,266,6
01.01.2016 04:07,3.63,264,6
01.01.2016 04:08,3.66,265,6.1
01.01.2016 04:09,3.42,266,6.2
01.01.2016 04:10,4.08,271,6.2
01.01.2016 04:11,3.86,272,6.1
01.01.2016 04:12,3.17,272,6.1
01.01.2016 04:13,3.39,265,6
01.01.2016 04:14,3.79,269,6
01.01.2016 04:15,3.34,274,6
01.01.2016 04:16,3.66,268,6
01.01.2016 04:17,4.23,272,5.6
01.01.2016 04:18,4.31,277,5.6
01.01.2016 04:19,4.53,282,5.6
01.01.2016 04:20,4.3,284,5.6
01.01.2016 04:21,4.73,281,5.7
01.01.2016 04:22,4.13,286,5.7
01.01.2016 04:23,4.59,285,5.7
01.01.2016 04:24,4.28,284,5.8
01.01.2016 04:25,3.86,287,5.8
01.01.2016 04:26,4.54,285,5.8
01.01.2016 04:27,3.84,280,5.9
01.01.2016 04:28,4.69,278,6
01.01.2016 04:29,4.68,277,5.9
01.01.2016 04:30,4.88,274,5.7
01.01.2016 04:31,2.89,264,5.7
01.01.2016 04:32,3.87,267,5.8
01.01.2016 04:33,3.92,274,5.8
01.01.2016 04:34,3.72,271,5.8
01.01.2016 04:35,3.76,280,5.8
01.01.2016 04:36,4.38,278,5.8
01.01.2016 04:37,4.11,280,5.9
01.01.2016 04:38,4.39,280,5.9
01.01.2016 04:39,3.9,282,5.9
01.01.2016 04:40,3.38,288,6
01.01.2016 04:41,3.66,285,6
01.01.2016 04:42,3.41,279,6
01.01.2016 04:43,4.11,288,6
01.01.2016 04:44,4.41,285,6
01.01.2016 04:45,4.35,280,6
01.01.2016 04:46,4.59,282,6
01.01.2016 04:47,4.09,284,6.1
01.01.2016 04:48,4.38,285,6
01.01.2016 04:49,4.52,283,6
01.01.2016 04:50,4.53,282,6
01.01.2016 04:51,4.09,281,6
01.01.2016 04:52,4.25,285,6
01.01.2016 04:53,4.52,282,6
01.01.2016 04:54,4.05,288,6.1
01.01.2016 04:55,4.35,284,6.1
01.01.2016 04:56,4.67,282,6
01.01.2016 04:57,4.29,287,6
01.01.2016 04:58,4.6,287,6
01.01.2016 04:59,4.75,288,6.2
01.01.2016 05:00,4.55,290,6.4
01.01.2016 05:01,4.17,293,6.4
01.01.2016 05:02,3.95,282,6.5
01.01.2016 05:03,4.59,274,6.5
01.01.2016 05:04,3.86,274,6.5
01.01.2016 05:05,4.26,269,6.6
01.01.2016 05:06,3.6,276,6.7
01.01.2016 05:07,4.06,277,6.7
01.01.2016 05:08,4.03,269,6.7
01.01.2016 05:09,3.47,279,6.7
01.01.2016 05:10,4.15,278,6.7
01.01.2016 05:11,3.81,269,6.7
01.01.2016 05:12,3.21,260,6.7
01.01.2016 05:13,2.5,248,6.7
01.01.2016 05:14,2.83,255,6.7
01.01.2016 05:15,3.16,253,6.7
01.01.2016 05:16,2.83,256,6.7
01.01.2016 05:17,2.29,246,6.7
01.01.2016 05:18,2.47,239,6.7
01.01.2016 05:19,2.59,250,6.6
01.01.2016 05:20,3.01,244,6.7
01.01.2016 05:21,2.02,238,6.6
01.01.2016 05:22,2.51,248,6.7
01.01.2016 05:23,2.73,261,6.7
01.01.2016 05:24,2.91,240,6.6
01.01.2016 05:25,2.72,251,6.7
01.01.2016 05:26,2.16,249,6.7
01.01.2016 05:27,2.76,251,6.7
01.01.2016 05:28,2.56,253,6.6
01.01.2016 05:29,2.76,256,6.7
01.01.2016 05:30,2.3,252,6.7
01.01.2016 05:31,2.7,256,6.7
01.01.2016 05:32,2.39,252,6.6
01.01.2016 05:33,2.86,251,6.6
01.01.2016 05:34,2.63,253,6.6
01.01.2016 05:35,2.83,255,6.6
01.01.2016 05:36,2.97,249,6.7
01.01.2016 05:37,2.44,244,6.7
01.01.2016 05:38,2.59,251,6.6
01.01.2016 05:39,2.74,252,6.6
01.01.2016 05:40,2.43,240,6.6
01.01.2016 05:41,2.23,239,6.7
01.01.2016 05:42,3.17,252,6.6
01.01.2016 05:43,2.81,247,6.7
01.01.2016 05:44,2.49,250,6.7
01.01.2016 05:45,2.82,262,6.6
01.01.2016 05:46,2.61,256,6.7
01.01.2016 05:47,3.06,263,6.7
01.01.2016 05:48,3.43,258,6.7
01.01.2016 05:49,3.58,268,6.7
01.01.2016 05:50,2.11,267,6.6
01.01.2016 05:51,3.2,267,6.6
01.01.2016 05:52,3.5,268,6.6
01.01.2016 05:53,2.72,264,6.6
01.01.2016 05:54,3.64,262,6.6
01.01.2016 05:55,3.14,262,6.7
01.01.2016 05:56,1.95,261,6.7
01.01.2016 05:57,3.62,267,6.7
01.01.2016 05:58,3.24,253,6.8
01.01.2016 05:59,3.44,251,6.7
01.01.2016 06:00,2.89,262,6.7
01.01.2016 06:01,2.75,255,6.7
01.01.2016 06:02,2.6,261,6.7
01.01.2016 06:03,1.97,248,6.7
01.01.2016 06:04,1.96,238,6.7
01.01.2016 06:05,2.91,250,6.7
01.01.2016 06:06,2.61,247,6.7
01.01.2016 06:07,2.21,252,6.7
01.01.2016 06:08,2.94,261,6.7
01.01.2016 06:09,2.98,249,6.7
01.01.2016 06:10,2.56,243,6.7
01.01.2016 06:11,3,249,6.6
01.01.2016 06:12,2.76,253,6.6
01.01.2016 06:13,3.29,255,6.6
01.01.2016 06:14,2.83,263,6.6
01.01.2016 06:15,3.3,252,6.6
01.01.2016 06:16,3.11,248,6.6
01.01.2016 06:17,3.07,253,6.6
01.01.2016 06:18,2.6,244,6.6
01.01.2016 06:19,2.96,236,6.5
01.01.2016 06:20,3.01,245,6.5
01.01.2016 06:21,2.88,244,6.5
01.01.2016 06:22,3.25,244,6.5
01.01.2016 06:23,2.73,238,6.5
01.01.2016 06:24,3.61,246,6.4
01.01.2016 06:25,2.66,237,6.3
01.01.2016 06:26,3.84,246,6.2
01.01.2016 06:27,2.87,234,6.3
01.01.2016 06:28,2.76,243,6.2
01.01.2016 06:29,2.13,244,6.3
01.01.2016 06:30,2.69,248,6.2
01.01.2016 06:31,2.95,244,6.2
01.01.2016 06:32,3.22,240,6.2
01.01.2016 06:33,3.52,245,6.2
01.01.2016 06:34,3.82,246,6.2
01.01.2016 06:35,3.86,256,6.2
01.01.2016 06:36,2.65,258,6.2
01.01.2016 06:37,3.44,254,6.2
01.01.2016 06:38,3.89,262,6.2
01.01.2016 06:39,3.71,258,6.2
01.01.2016 06:40,3.53,265,6.2
01.01.2016 06:41,3.48,261,6.2
01.01.2016 06:42,3.13,277,6.2
01.01.2016 06:43,3.59,265,6.2
01.01.2016 06:44,3.59,266,6.2
01.01.2016 06:45,4.33,265,6.2
01.01.2016 06:46,4.5,275,6.2
01.01.2016 06:47,4.09,274,6.2
01.01.2016 06:48,4.11,284,6.2
01.01.2016 06:49,4.66,280,6.2
01.01.2016 06:50,4.23,286,6.3
01.01.2016 06:51,4.09,282,6.3
01.01.2016 06:52,4.4,274,6
01.01.2016 06:53,3.92,279,5.8
01.01.2016 06:54,4.86,276,5.7
01.01.2016 06:55,3.69,282,5.7
01.01.2016 06:56,4.87,286,5.6
01.01.2016 06:57,4.76,281,5.6
01.01.2016 06:58,4.6,284,5.6
01.01.2016 06:59,4.16,279,5.6
01.01.2016 07:00,4.31,285,5.6
01.01.2016 07:01,3.93,288,5.6
01.01.2016 07:02,3.74,288,5.6
01.01.2016 07:03,4.02,287,5.6
01.01.2016 07:04,3.52,288,5.6
01.01.2016 07:05,3.74,298,5.6
01.01.2016 07:06,3.76,293,5.6
01.01.2016 07:07,3.71,295,5.6
01.01.2016 07:08,4.11,294,5.6
01.01.2016 07:09,3.72,299,5.6
01.01.2016 07:10,3.95,298,5.6
01.01.2016 07:11,4.02,298,5.6
01.01.2016 07:12,4.11,304,4.7
01.01.2016 07:13,4.16,299,5.6
01.01.2016 07:14,3.44,305,4.8
01.01.2016 07:15,3.57,311,4.8
01.01.2016 07:16,3.93,309,4.9
01.01.2016 07:17,4.14,308,4.8
01.01.2016 07:18,4.4,307,4.8
01.01.2016 07:19,4.16,311,4.8
01.01.2016 07:20,4.24,315,4.8
01.01.2016 07:21,4.51,308,4.8
01.01.2016 07:22,3.79,308,4.8
01.01.2016 07:23,3.39,305,4.8
01.01.2016 07:24,3.98,299,5.5
01.01.2016 07:25,4.27,303,4.8
01.01.2016 07:26,3.07,301,4.8
01.01.2016 07:27,4.33,294,5.5
01.01.2016 07:28,3.62,295,5.6
01.01.2016 07:29,3.47,291,5.5
01.01.2016 07:30,3.45,285,5.5
01.01.2016 07:31,3.59,290,5.5
01.01.2016 07:32,3.94,283,5.5
01.01.2016 07:33,4.09,285,5.4
01.01.2016 07:34,4.51,289,5.4
01.01.2016 07:35,3.54,292,5.5
01.01.2016 07:36,3.51,289,5.5
01.01.2016 07:37,4.3,289,5.4
01.01.2016 07:38,3.39,292,5.5
01.01.2016 07:39,2.85,304,4.8
01.01.2016 07:40,2.84,296,5.5
01.01.2016 07:41,2.85,298,5.5
01.01.2016 07:42,3.16,293,5.4
01.01.2016 07:43,3.05,281,5.2
01.01.2016 07:44,3.83,284,5.2
01.01.2016 07:45,4.18,285,5.1
01.01.2016 07:46,4.07,293,5.2
01.01.2016 07:47,4.6,278,5.1
01.01.2016 07:48,4.87,274,5.1
01.01.2016 07:49,4.28,278,4.9
01.01.2016 07:50,4.16,295,4.9
01.01.2016 07:51,4.71,277,4.9
01.01.2016 07:52,4.63,282,4.9
01.01.2016 07:53,3.03,312,4.8
01.01.2016 07:54,4.03,293,4.9
01.01.2016 07:55,3.49,313,4.8
01.01.2016 07:56,4.02,312,4.8
01.01.2016 07:57,4.2,310,4.8
01.01.2016 07:58,4.59,303,4.7
01.01.2016 07:59,4.59,312,4.7
01.01.2016 08:00,4.36,312,4.7
01.01.2016 08:01,3.47,309,4.7
01.01.2016 08:02,3.92,307,4.7
01.01.2016 08:03,4.37,303,4.7
01.01.2016 08:04,3.63,299,4.9
01.01.2016 08:05,4.22,312,4.7
01.01.2016 08:06,4.01,310,4.7
01.01.2016 08:07,3.89,314,4.7
01.01.2016 08:08,4.32,317,4.7
01.01.2016 08:09,4.34,320,4.7
01.01.2016 08:10,4.17,321,4.7
01.01.2016 08:11,4.39,317,4.7
01.01.2016 08:12,4.48,314,4.7
01.01.2016 08:13,4.22,316,4.7
01.01.2016 08:14,4.04,313,4.7
01.01.2016 08:15,4.27,309,4.7
01.01.2016 08:16,4.37,315,4.7
01.01.2016 08:17,4.25,318,4.6
01.01.2016 08:18,4.28,311,4.6
01.01.2016 08:19,4.08,313,4.6
01.01.2016 08:20,4.43,302,4.6
01.01.2016 08:21,4.23,317,4.6
01.01.2016 08:22,3.88,306,4.6
01.01.2016 08:23,4.74,309,4.6
01.01.2016 08:24,4.07,317,4.6
01.01.2016 08:25,4.88,318,4.6
01.01.2016 08:26,4.53,316,4.6
01.01.2016 08:27,4.54,312,4.6
01.01.2016 08:28,5.13,311,4.6
01.01.2016 08:29,4.77,310,4.6
01.01.2016 08:30,4.09,313,4.6
01.01.2016 08:31,4.74,314,4.6
01.01.2016 08:32,2.84,316,4.7
01.01.2016 08:33,4.52,311,4.6
01.01.2016 08:34,4.24,314,4.6
01.01.2016 08:35,2.56,328,4.6
01.01.2016 08:36,3.62,315,4.6
01.01.2016 08:37,3.31,319,4.6
01.01.2016 08:38,3.67,308,4.6
01.01.2016 08:39,4.29,323,4.5
01.01.2016 08:40,5,316,4.5
01.01.2016 08:41,3.92,316,4.5
01.01.2016 08:42,4.2,322,4.5
01.01.2016 08:43,4.31,321,4.5
01.01.2016 08:44,3.88,319,4.6
01.01.2016 08:45,4.51,311,4.5
01.01.2016 08:46,4.09,311,4.5
01.01.2016 08:47,4.43,309,4.5
01.01.2016 08:48,3.53,315,4.5
01.01.2016 08:49,4.01,309,4.5
01.01.2016 08:50,4.1,303,4.6
01.01.2016 08:51,3.96,309,4.6
01.01.2016 08:52,4.45,297,4.8
01.01.2016 08:53,3.8,302,4.6
01.01.2016 08:54,3.9,301,4.8
01.01.2016 08:55,3.98,307,4.6
01.01.2016 08:56,3.8,314,4.6
01.01.2016 08:57,3.6,311,4.6
01.01.2016 08:58,4.13,312,4.5
01.01.2016 08:59,2.81,312,4.5
01.01.2016 09:00,4,307,4.5
01.01.2016 09:01,3.12,304,4.5
01.01.2016 09:02,4.01,296,4.6
01.01.2016 09:03,4.07,296,4.6
01.01.2016 09:04,4.27,302,4.5
01.01.2016 09:05,3.38,294,4.6
01.01.2016 09:06,3.09,288,4.6
01.01.2016 09:07,2.87,286,4.6
01.01.2016 09:08,2.56,289,4.7
01.01.2016 09:09,2.97,287,4.7
01.01.2016 09:10,2.6,286,4.7
01.01.2016 09:11,3.27,286,4.7
01.01.2016 09:12,2.5,288,4.8
01.01.2016 09:13,2.69,293,4.7
01.01.2016 09:14,3.68,278,4.7
01.01.2016 09:15,3.8,285,4.7
01.01.2016 09:16,2.68,295,4.7
01.01.2016 09:17,3.27,301,4.6
01.01.2016 09:18,2.64,260,4.7
01.01.2016 09:19,3.11,273,4.7
01.01.2016 09:20,3.67,285,4.7
01.01.2016 09:21,2.23,269,4.7
01.01.2016 09:22,2.68,281,4.8
01.01.2016 09:23,2.08,280,4.8
01.01.2016 09:24,2.23,287,4.7
01.01.2016 09:25,2.13,263,4.7
01.01.2016 09:26,1.76,245,4.8
01.01.2016 09:27,1.06,289,4.9
01.01.2016 09:28,1.13,217,4.9
01.01.2016 09:29,2.49,278,4.7
01.01.2016 09:30,2.08,287,4.8
01.01.2016 09:31,2.06,279,4.8
01.01.2016 09:32,2.51,277,4.7
01.01.2016 09:33,3.09,298,4.7
01.01.2016 09:34,2,287,4.7
01.01.2016 09:35,2.33,309,4.6
01.01.2016 09:36,2.45,301,4.6
01.01.2016 09:37,3.29,274,4.7
01.01.2016 09:38,2.12,287,4.7
01.01.2016 09:39,3.04,290,4.7
01.01.2016 09:40,2.63,306,4.7
01.01.2016 09:41,2.5,296,4.7
01.01.2016 09:42,3,292,4.8
01.01.2016 09:43,3.91,282,4.7
01.01.2016 09:44,2.87,284,4.7
01.01.2016 09:45,2.93,286,4.6
01.01.2016 09:46,3.42,275,4.6
01.01.2016 09:47,3.07,279,4.6
01.01.2016 09:48,2.7,265,4.6
01.01.2016 09:49,2.43,262,4.7
01.01.2016 09:50,1.74,276,4.7
01.01.2016 09:51,1.99,256,4.8
01.01.2016 09:52,2.24,257,4.8
01.01.2016 09:53,2.95,269,4.7
01.01.2016 09:54,1.82,268,4.8
01.01.2016 09:55,1.57,280,4.8
01.01.2016 09:56,2.18,262,5
01.01.2016 09:57,2.58,241,4.8
01.01.2016 09:58,2.78,249,4.8
01.01.2016 09:59,2.69,252,4.7
01.01.2016 10:00,2.02,226,4.8
01.01.2016 10:01,1.79,210,4.8
01.01.2016 10:02,1.78,218,4.8
01.01.2016 10:03,1.43,213,4.8
01.01.2016 10:04,1.3,232,4.8
01.01.2016 10:05,1.29,222,4.8
01.01.2016 10:06,2.43,245,4.8
01.01.2016 10:07,1.58,237,4.8
01.01.2016 10:08,1.58,260,5
01.01.2016 10:09,0.36,260,5.1
01.01.2016 10:10,2.19,252,4.9
01.01.2016 10:11,1.85,240,4.8
01.01.2016 10:12,0.98,277,4.9
01.01.2016 10:13,1.9,284,4.8
01.01.2016 10:14,2.61,307,4.5
01.01.2016 10:15,2.1,278,4.8
01.01.2016 10:16,1.38,284,4.7
01.01.2016 10:17,1.67,300,4.6
01.01.2016 10:18,1.69,255,4.8
01.01.2016 10:19,1.3,221,5
01.01.2016 10:20,1.12,207,5
01.01.2016 10:21,1.49,223,4.9
01.01.2016 10:22,1.11,221,4.8
01.01.2016 10:23,1.38,207,4.9
01.01.2016 10:24,1.51,228,4.8
01.01.2016 10:25,1.21,213,4.9
01.01.2016 10:26,0.77,213,4.9
01.01.2016 10:27,0.82,258,5.2
01.01.2016 10:28,0.29,248,5.3
01.01.2016 10:29,0.53,265,5.2
01.01.2016 10:30,1.06,289,4.9
01.01.2016 10:31,1.37,285,4.8
01.01.2016 10:32,1.39,278,4.9
01.01.2016 10:33,1.33,269,4.9
01.01.2016 10:34,2.21,265,4.8
01.01.2016 10:35,1.84,287,4.8
01.01.2016 10:36,1.36,282,5
01.01.2016 10:37,1.02,298,4.8
01.01.2016 10:38,1.51,275,4.9
01.01.2016 10:39,1.31,286,4.7
01.01.2016 10:40,1.15,266,4.9
01.01.2016 10:41,0.64,265,4.9
01.01.2016 10:42,0.56,223,5.1
01.01.2016 10:43,1.24,243,4.8
01.01.2016 10:44,1.44,228,4.8
01.01.2016 10:45,1.24,231,4.9
01.01.2016 10:46,1.44,260,4.8
01.01.2016 10:47,0.48,279,5.2
01.01.2016 10:48,1.16,316,4.8
01.01.2016 10:49,0.35,263,5.2
01.01.2016 10:50,0.66,291,5
01.01.2016 10:51,0.65,233,5.1
01.01.2016 10:52,0.64,233,5.2
01.01.2016 10:53,0.52,220,5.1
01.01.2016 10:54,0.82,216,5.1
01.01.2016 10:55,1.27,223,4.9
01.01.2016 10:56,1.56,230,4.8
01.01.2016 10:57,1,217,4.9
01.01.2016 10:58,0.84,237,4.8
01.01.2016 10:59,1.05,211,4.9
01.01.2016 11:00,1.05,239,4.8
01.01.2016 11:01,1.09,214,5
01.01.2016 11:02,0.94,207,5
01.01.2016 11:03,1.16,212,4.9
01.01.2016 11:04,1.17,194,4.9
01.01.2016 11:05,0.81,208,5
01.01.2016 11:06,0.95,198,5
01.01.2016 11:07,0.58,229,5
01.01.2016 11:08,0.88,316,4.9
01.01.2016 11:09,1.07,279,5.1
01.01.2016 11:10,1.52,271,4.7
01.01.2016 11:11,0.47,261,4.9
01.01.2016 11:12,0.49,231,5.1
01.01.2016 11:13,0.32,216,5.2
01.01.2016 11:14,0.59,249,5.1
01.01.2016 11:15,0.62,296,5
01.01.2016 11:16,0.61,275,5.1
01.01.2016 11:17,1.72,273,4.7
01.01.2016 11:18,1.49,280,4.7
01.01.2016 11:19,1.86,290,4.7
01.01.2016 11:20,1.56,286,4.7
01.01.2016 11:21,1.27,292,4.7
01.01.2016 11:22,1.61,283,4.7
01.01.2016 11:23,1.39,296,4.7
01.01.2016 11:24,1.45,294,4.7
01.01.2016 11:25,1.62,311,4.5
01.01.2016 11:26,1.44,318,4.5
01.01.2016 11:27,1.13,315,4.6
01.01.2016 11:28,1.99,314,4.6
01.01.2016 11:29,1.76,312,4.6
01.01.2016 11:30,1.09,314,4.7
01.01.2016 11:31,1.6,315,4.6
01.01.2016 11:32,1.37,321,4.6
01.01.2016 11:33,1.12,301,4.6
01.01.2016 11:34,0.96,312,4.7
01.01.2016 11:35,1.33,304,4.6
01.01.2016 11:36,1.14,294,4.7
01.01.2016 11:37,1.12,302,4.6
01.01.2016 11:38,1.48,301,4.7
01.01.2016 11:39,1.52,307,4.6
01.01.2016 11:40,1.33,302,4.5
01.01.2016 11:41,1.26,295,4.7
01.01.2016 11:42,0.98,285,4.7
01.01.2016 11:43,0.92,282,4.7
01.01.2016 11:44,0.77,296,4.9
01.01.2016 11:45,1.14,309,4.7
01.01.2016 11:46,0.78,292,4.7
01.01.2016 11:47,0.87,326,4.6
01.01.2016 11:48,2.07,356,4.6
01.01.2016 11:49,1.84,359,4.7
01.01.2016 11:50,2.44,1,4.6
01.01.2016 11:51,2.08,351,4.5
01.01.2016 11:52,1.87,9,3.6
01.01.2016 11:53,2.22,1,3
01.01.2016 11:54,1.64,4,2.8
01.01.2016 11:55,1.86,5,2.5
01.01.2016 11:56,1.6,15,2.5
01.01.2016 11:57,1.42,5,2.5
01.01.2016 11:58,1.25,354,2.7
01.01.2016 11:59,1.5,359,2.5
01.01.2016 12:00,1.47,343,2.6
01.01.2016 12:01,1.77,342,2.4
01.01.2016 12:02,1.78,347,2.4
01.01.2016 12:03,2.12,345,2.4
01.01.2016 12:04,1.85,344,2.6
01.01.2016 12:05,1.54,352,2.6
01.01.2016 12:06,1.4,348,2.6
01.01.2016 12:07,0.86,344,3
01.01.2016 12:08,0.86,14,2.8
01.01.2016 12:09,0.78,359,2.8
01.01.2016 12:10,0.36,30,3.2
01.01.2016 12:11,0.73,42,2.8
01.01.2016 12:12,0.66,49,2.6
01.01.2016 12:13,0.94,40,2.6
01.01.2016 12:14,0.68,34,3
01.01.2016 12:15,0.97,19,2.7
01.01.2016 12:16,1.37,19,2.4
01.01.2016 12:17,1.47,9,2.4
01.01.2016 12:18,1.39,27,2.5
01.01.2016 12:19,1.42,26,2.5
01.01.2016 12:20,1.06,14,2.7
01.01.2016 12:21,0.96,16,3
01.01.2016 12:22,1.37,26,2.6
01.01.2016 12:23,1.41,3,2.7
01.01.2016 12:24,1.09,13,2.6
01.01.2016 12:25,1.06,21,2.7
01.01.2016 12:26,1.24,18,2.7
01.01.2016 12:27,1.53,15,2.6
01.01.2016 12:28,1.4,15,2.6
01.01.2016 12:29,1.35,22,2.6
01.01.2016 12:30,1.35,23,2.6
01.01.2016 12:31,1.49,13,2.6
01.01.2016 12:32,1.64,16,2.6
01.01.2016 12:33,1.45,20,2.7
01.01.2016 12:34,1.7,8,2.6
01.01.2016 12:35,1.51,2,2.6
01.01.2016 12:36,1.31,357,3
01.01.2016 12:37,1.47,350,3
01.01.2016 12:38,1.5,340,2.8
01.01.2016 12:39,1.61,348,2.9
01.01.2016 12:40,1.42,340,2.9
01.01.2016 12:41,1.45,327,3.1
01.01.2016 12:42,1.69,323,3
01.01.2016 12:43,1.14,328,3.4
01.01.2016 12:44,1.47,320,3.2
01.01.2016 12:45,1.36,316,3.1
01.01.2016 12:46,1.57,321,3
01.01.2016 12:47,1.81,313,2.9
01.01.2016 12:48,0.99,330,3.2
01.01.2016 12:49,1.73,341,2.9
01.01.2016 12:50,1.68,340,3
01.01.2016 12:51,1.55,344,3.1
01.01.2016 12:52,1.85,343,3
01.01.2016 12:53,1.81,353,3
01.01.2016 12:54,1.74,358,2.9
01.01.2016 12:55,1.85,350,3
01.01.2016 12:56,1.27,347,3.2
01.01.2016 12:57,1.23,8,3.5
01.01.2016 12:58,1.62,11,3
01.01.2016 12:59,0.75,22,3.2
01.01.2016 13:00,1.27,35,3.1
01.01.2016 13:01,0.59,35,3.9
01.01.2016 13:02,1.01,22,3.5
01.01.2016 13:03,2.22,34,2.7
01.01.2016 13:04,2.27,39,2.7
01.01.2016 13:05,1.64,33,3.1
01.01.2016 13:06,2.13,35,2.8
01.01.2016 13:07,1.68,40,2.8
01.01.2016 13:08,1.09,19,3.4
01.01.2016 13:09,1.05,32,3.5
01.01.2016 13:10,1.32,39,3
01.01.2016 13:11,1.18,30,3.3
01.01.2016 13:12,1.45,30,3.3
01.01.2016 13:13,2.14,28,2.8
01.01.2016 13:14,1.44,32,3.1
01.01.2016 13:15,1.94,32,2.8
01.01.2016 13:16,1.33,30,3.1
01.01.2016 13:17,1.39,38,3
01.01.2016 13:18,1.7,37,2.8
01.01.2016 13:19,1.14,25,3.1
01.01.2016 13:20,1.49,10,3
01.01.2016 13:21,1.76,23,2.9
01.01.2016 13:22,2.3,16,2.7
01.01.2016 13:23,2.47,18,2.6
01.01.2016 13:24,2.43,18,2.6
01.01.2016 13:25,2.28,15,2.7
01.01.2016 13:26,2.1,18,2.8
01.01.2016 13:27,2.3,20,2.6
01.01.2016 13:28,1.86,23,2.8
01.01.2016 13:29,1.46,26,2.9
01.01.2016 13:30,0.97,19,3.3
01.01.2016 13:31,1.12,29,3.1
01.01.2016 13:32,1.24,35,3
01.01.2016 13:33,1.57,34,2.7
01.01.2016 13:34,1.41,36,2.8
01.01.2016 13:35,1.29,39,2.9
01.01.2016 13:36,1.54,41,2.8
01.01.2016 13:37,1.55,42,2.8
01.01.2016 13:38,1.88,42,2.7
01.01.2016 13:39,1.49,39,2.9
01.01.2016 13:40,1.69,42,2.8
01.01.2016 13:41,1.51,41,2.8
01.01.2016 13:42,1.3,38,2.9
01.01.2016 13:43,1.37,40,2.9
01.01.2016 13:44,1.01,33,3.1
01.01.2016 13:45,0.34,358,3.5
01.01.2016 13:46,0.45,331,3.4
01.01.2016 13:47,0.39,299,3.4
01.01.2016 13:48,0.4,310,3.6
01.01.2016 13:49,0.48,22,3.4
01.01.2016 13:50,0.66,29,3.3
01.01.2016 13:51,0.93,27,3.1
01.01.2016 13:52,0.61,38,3.2
01.01.2016 13:53,1.71,42,2.7
01.01.2016 13:54,1.58,45,2.8
01.01.2016 13:55,1.35,41,2.9
01.01.2016 13:56,1.15,42,3
01.01.2016 13:57,1.26,29,3
01.01.2016 13:58,0.48,18,3.2
01.01.2016 13:59,0.33,295,3.2
01.01.2016 14:00,0.16,308,3.4
01.01.2016 14:01,0.25,0,3.3
01.01.2016 14:02,0.23,288,3.3
01.01.2016 14:03,0.31,299,3.2
01.01.2016 14:04,0.78,14,3.2
01.01.2016 14:05,0.48,347,3.2
01.01.2016 14:06,0.29,331,3.4
01.01.2016 14:07,0.17,211,3.4
01.01.2016 14:08,0.34,256,3.2
01.01.2016 14:09,0.58,273,3.2
01.01.2016 14:10,0.39,282,3.4
01.01.2016 14:11,0.36,298,3.3
01.01.2016 14:12,0.36,336,3.2
01.01.2016 14:13,0.42,320,3.6
01.01.2016 14:14,0.46,314,3.5
01.01.2016 14:15,0.66,29,3.3
01.01.2016 14:16,1.41,37,2.9
01.01.2016 14:17,1.82,39,2.7
01.01.2016 14:18,0.95,39,3
01.01.2016 14:19,0.26,277,3
01.01.2016 14:20,0.53,290,3
01.01.2016 14:21,0.58,312,3.3
01.01.2016 14:22,0.63,344,3.2
01.01.2016 14:23,0.42,281,3.1
01.01.2016 14:24,0.56,328,3.3
01.01.2016 14:25,0.33,44,3
01.01.2016 14:26,0.23,299,3.2
01.01.2016 14:27,0.65,357,3.2
01.01.2016 14:28,0.36,212,2.9
01.01.2016 14:29,0.38,310,3.1
01.01.2016 14:30,0.17,0,3.2
01.01.2016 14:31,0.96,20,2.9
01.01.2016 14:32,0.23,355,3.1
01.01.2016 14:33,1.62,43,2.6
01.01.2016 14:34,1.05,36,2.8
01.01.2016 14:35,0.34,17,3
01.01.2016 14:36,0.34,297,2.9
01.01.2016 14:37,0.64,329,3
01.01.2016 14:38,0.62,343,2.8
01.01.2016 14:39,0.68,277,2.8
01.01.2016 14:40,0.36,316,3
01.01.2016 14:41,0.77,309,3
01.01.2016 14:42,0.71,314,2.8
01.01.2016 14:43,0.48,316,3
01.01.2016 14:44,0.77,304,2.9
01.01.2016 14:45,1.05,301,2.8
01.01.2016 14:46,0.88,296,2.6
01.01.2016 14:47,0.9,299,2.5
01.01.2016 14:48,0.94,314,2.7
01.01.2016 14:49,1.07,293,2.5
01.01.2016 14:50,1.09,285,2.5
01.01.2016 14:51,1.16,291,2.5
01.01.2016 14:52,1.23,302,2.6
01.01.2016 14:53,1.13,295,2.4
01.01.2016 14:54,0.98,295,2.4
01.01.2016 14:55,0.72,308,2.6
01.01.2016 14:56,0.93,285,2.4
01.01.2016 14:57,0.4,310,2.5
01.01.2016 14:58,0.33,290,2.4
01.01.2016 14:59,0.5,300,2.4
01.01.2016 15:00,0.79,18,2.4
01.01.2016 15:01,0.69,304,2.5
01.01.2016 15:02,1.14,290,2.3
01.01.2016 15:03,0.88,315,2.4
01.01.2016 15:04,0.87,313,2.5
01.01.2016 15:05,0.24,228,2.2
01.01.2016 15:06,0.6,337,2.4
01.01.2016 15:07,0.42,280,2.4
01.01.2016 15:08,0.64,328,2.4
01.01.2016 15:09,0.83,20,2.3
01.01.2016 15:10,0.62,43,2.2
01.01.2016 15:11,0.3,334,2.4
01.01.2016 15:12,0.38,27,2.3
01.01.2016 15:13,0.75,278,2.2
01.01.2016 15:14,0.92,312,2.5
01.01.2016 15:15,0.73,348,2.4
01.01.2016 15:16,0.82,302,2.4
01.01.2016 15:17,0.78,316,2.6
01.01.2016 15:18,0.81,347,2.4
01.01.2016 15:19,0.34,17,2.4
01.01.2016 15:20,0.51,337,2.4
01.01.2016 15:21,0.77,287,2.3
01.01.2016 15:22,0.91,350,2.4
01.01.2016 15:23,0.67,280,2.4
01.01.2016 15:24,0.69,339,2.4
01.01.2016 15:25,0.89,316,2.5
01.01.2016 15:26,0.74,355,2.5
01.01.2016 15:27,0.56,314,2.5
01.01.2016 15:28,0.47,308,2.5
01.01.2016 15:29,2.12,40,2.3
01.01.2016 15:30,0.49,353,2.5
01.01.2016 15:31,0.58,265,2.4
01.01.2016 15:32,0.82,250,2.6
01.01.2016 15:33,1.21,264,2.4
01.01.2016 15:34,0.9,308,2.5
01.01.2016 15:35,0.49,283,2.4
01.01.2016 15:36,0.78,316,2.6
01.01.2016 15:37,0.65,355,2.6
01.01.2016 15:38,0.77,33,2.5
01.01.2016 15:39,0.19,171,2.5
01.01.2016 15:40,1.45,40,2.3
01.01.2016 15:41,0.5,257,2.4
01.01.2016 15:42,0.68,332,2.5
01.01.2016 15:43,0.3,326,2.5
01.01.2016 15:44,0.62,273,2.3
01.01.2016 15:45,0.65,319,2.5
01.01.2016 15:46,0.6,262,2.3
01.01.2016 15:47,0.96,287,2.2
01.01.2016 15:48,1.02,317,2.4
01.01.2016 15:49,0.82,324,2.5
01.01.2016 15:50,0.96,312,2.4
01.01.2016 15:51,0.78,331,2.3
01.01.2016 15:52,0.59,31,2.3
01.01.2016 15:53,0.59,288,2.3
01.01.2016 15:54,0.45,327,2.3
01.01.2016 15:55,0.21,293,2.2
01.01.2016 15:56,1.14,269,2.2
01.01.2016 15:57,0.81,283,2.2
01.01.2016 15:58,0.48,311,2.3
01.01.2016 15:59,0.67,328,2.2
01.01.2016 16:00,1.05,26,2.2
01.01.2016 16:01,0.5,242,2.2
01.01.2016 16:02,0.69,337,2.3
01.01.2016 16:03,0.6,7,2.3
01.01.2016 16:04,0.58,358,2.2
01.01.2016 16:05,0.92,7,2.2
01.01.2016 16:06,0.97,22,2.1
01.01.2016 16:07,1.94,41,1.9
01.01.2016 16:08,0.5,0,2.1
01.01.2016 16:09,1.27,34,1.9
01.01.2016 16:10,1.12,10,2.1
01.01.2016 16:11,0.14,30,2.1
01.01.2016 16:12,1.45,27,1.9
01.01.2016 16:13,1.31,53,1.8
01.01.2016 16:14,0.95,14,1.9
01.01.2016 16:15,1.34,37,1.9
01.01.2016 16:16,0.55,327,2.1
01.01.2016 16:17,0.58,28,1.9
01.01.2016 16:18,0.42,20,2
01.01.2016 16:19,0.12,104,2
01.01.2016 16:20,0.52,316,2
01.01.2016 16:21,0.53,316,2.1
01.01.2016 16:22,0.58,12,2
01.01.2016 16:23,0.83,302,2
01.01.2016 16:24,0.69,340,2
01.01.2016 16:25,0.76,12,2
01.01.2016 16:26,0.9,340,2.1
01.01.2016 16:27,1.13,33,1.8
01.01.2016 16:28,0.69,43,1.9
01.01.2016 16:29,1.31,34,1.8
01.01.2016 16:30,1.72,37,1.8
01.01.2016 16:31,0.94,41,1.9
01.01.2016 16:32,1.14,22,1.8
01.01.2016 16:33,1.21,38,1.8
01.01.2016 16:34,0.86,21,1.9
01.01.2016 16:35,0.87,24,1.9
01.01.2016 16:36,0.53,354,2.1
01.01.2016 16:37,0.35,305,2.2
01.01.2016 16:38,0.2,264,1.8
01.01.2016 16:39,1.6,32,1.5
01.01.2016 16:40,1.35,41,1.6
01.01.2016 16:41,0.13,222,1.7
01.01.2016 16:42,1.98,40,1.5
01.01.2016 16:43,2,48,1.5
01.01.2016 16:44,0.43,310,1.9
01.01.2016 16:45,1.02,56,1.6
01.01.2016 16:46,0.87,23,1.6
01.01.2016 16:47,1.7,41,1.5
01.01.2016 16:48,1.07,30,1.6
01.01.2016 16:49,0.47,274,1.7
01.01.2016 16:50,0.64,323,1.8
01.01.2016 16:51,0.61,322,1.7
01.01.2016 16:52,1.51,29,1.5
01.01.2016 16:53,0.97,26,1.6
01.01.2016 16:54,0.58,323,1.6
01.01.2016 16:55,1.09,18,1.5
01.01.2016 16:56,0.79,6,1.6
01.01.2016 16:57,0.69,303,1.6
01.01.2016 16:58,1.01,18,1.5
01.01.2016 16:59,1.5,31,1.4
01.01.2016 17:00,0.8,23,1.5
01.01.2016 17:01,0.55,83,1.6
01.01.2016 17:02,1.78,42,1.4
01.01.2016 17:03,1,23,1.5
01.01.2016 17:04,0.75,17,1.5
01.01.2016 17:05,0.96,36,1.4
01.01.2016 17:06,2.27,40,1.3
01.01.2016 17:07,1.66,41,1.4
01.01.2016 17:08,0.64,57,1.5
01.01.2016 17:09,1.35,28,1.4
01.01.2016 17:10,2.21,42,1.4
01.01.2016 17:11,0.22,321,1.7
01.01.2016 17:12,1.31,32,1.4
01.01.2016 17:13,0.34,0,1.6
01.01.2016 17:14,2.61,47,1.3
01.01.2016 17:15,1.4,40,1.4
01.01.2016 17:16,1.16,11,1.6
01.01.2016 17:17,0.48,321,1.6
01.01.2016 17:18,0.14,34,1.6
01.01.2016 17:19,0.29,322,1.6
01.01.2016 17:20,0.69,348,1.7
01.01.2016 17:21,1.89,29,1.4
01.01.2016 17:22,0.16,7,1.6
01.01.2016 17:23,0.81,288,1.6
01.01.2016 17:24,1.01,1,1.6
01.01.2016 17:25,0.48,321,1.8
01.01.2016 17:26,0.95,22,1.6
01.01.2016 17:27,0.61,34,1.6
01.01.2016 17:28,1.4,26,1.4
01.01.2016 17:29,0.64,4,1.5
01.01.2016 17:30,0.34,293,1.6
01.01.2016 17:31,0.44,271,1.5
01.01.2016 17:32,0.91,356,1.5
01.01.2016 17:33,0.63,41,1.5
01.01.2016 17:34,0.63,33,1.5
01.01.2016 17:35,0.42,330,1.7
01.01.2016 17:36,2.34,35,1.4
01.01.2016 17:37,1.74,31,1.5
01.01.2016 17:38,1.3,23,1.5
01.01.2016 17:39,1.77,30,1.5
01.01.2016 17:40,0.53,289,1.6
01.01.2016 17:41,1.49,35,1.5
01.01.2016 17:42,1.49,35,1.4
01.01.2016 17:43,0.8,301,1.6
01.01.2016 17:44,0.85,294,1.4
01.01.2016 17:45,0.78,330,1.6
01.01.2016 17:46,1.11,35,1.5
01.01.2016 17:47,0.52,340,1.6
01.01.2016 17:48,0.43,37,1.6
01.01.2016 17:49,0.42,350,1.6
01.01.2016 17:50,0.79,48,1.4
01.01.2016 17:51,0.81,9,1.5
01.01.2016 17:52,1.12,42,1.4
01.01.2016 17:53,0.44,250,1.5
01.01.2016 17:54,0.7,0,1.5
01.01.2016 17:55,0.67,13,1.5
01.01.2016 17:56,2.04,41,1.4
01.01.2016 17:57,0.84,54,1.5
01.01.2016 17:58,0.47,4,1.6
01.01.2016 17:59,0.93,52,1.4
01.01.2016 18:00,0.47,44,1.5
01.01.2016 18:01,0.62,353,1.6
01.01.2016 18:02,1.06,294,1.5
01.01.2016 18:03,0.81,316,1.6
01.01.2016 18:04,0.39,331,1.6
01.01.2016 18:05,0.55,6,1.5
01.01.2016 18:06,0.74,288,1.5
01.01.2016 18:07,0.68,340,1.5
01.01.2016 18:08,0.7,335,1.5
01.01.2016 18:09,1.13,293,1.5
01.01.2016 18:10,0.88,340,1.6
01.01.2016 18:11,0.51,313,1.6
01.01.2016 18:12,0.54,345,1.5
01.01.2016 18:13,0.25,277,1.3
01.01.2016 18:14,0.65,284,1.4
01.01.2016 18:15,0.95,307,1.6
01.01.2016 18:16,0.8,339,1.6
01.01.2016 18:17,0.86,288,1.4
01.01.2016 18:18,1.1,290,1.5
01.01.2016 18:19,0.29,350,1.7
01.01.2016 18:20,0.31,320,1.5
01.01.2016 18:21,1.04,291,1.4
01.01.2016 18:22,0.82,274,1.4
01.01.2016 18:23,0.95,301,1.6
01.01.2016 18:24,0.72,322,1.6
01.01.2016 18:25,0.86,270,1.4
01.01.2016 18:26,1.14,277,1.5
01.01.2016 18:27,1.18,293,1.3
01.01.2016 18:28,0.7,318,1.6
01.01.2016 18:29,0.95,288,1.5
01.01.2016 18:30,1.09,309,1.5
01.01.2016 18:31,0.5,245,1.5
01.01.2016 18:32,0.47,313,1.6
01.01.2016 18:33,1.36,288,1.4
01.01.2016 18:34,0.93,299,1.5
01.01.2016 18:35,0.77,271,1.4
01.01.2016 18:36,0.78,293,1.5
01.01.2016 18:37,0.72,318,1.5
01.01.2016 18:38,0.6,260,1.6
01.01.2016 18:39,0.44,142,1.5
01.01.2016 18:40,1.12,334,1.6
01.01.2016 18:41,0.76,295,1.5
01.01.2016 18:42,0.44,294,1.4
01.01.2016 18:43,1.48,286,1.4
01.01.2016 18:44,0.59,324,1.6
01.01.2016 18:45,1.15,288,1.5
01.01.2016 18:46,1.39,292,1.5
01.01.2016 18:47,0.64,313,1.6
01.01.2016 18:48,0.89,291,1.4
01.01.2016 18:49,1.15,287,1.4
01.01.2016 18:50,1.32,288,1.3
01.01.2016 18:51,0.95,291,1.5
01.01.2016 18:52,1.15,295,1.5
01.01.2016 18:53,1.31,320,1.4
01.01.2016 18:54,0.84,314,1.5
01.01.2016 18:55,1.32,279,1.4
01.01.2016 18:56,1.01,304,1.5
01.01.2016 18:57,1.15,295,1.4
01.01.2016 18:58,1.01,339,1.5
01.01.2016 18:59,0.87,297,1.3
01.01.2016 19:00,1.5,284,1.4
01.01.2016 19:01,1.26,305,1.5
01.01.2016 19:02,0.9,310,1.4
01.01.2016 19:03,0.45,273,1.4
01.01.2016 19:04,1,316,1.5
01.01.2016 19:05,0.74,325,1.4
01.01.2016 19:06,0.94,304,1.4
01.01.2016 19:07,0.65,289,1.4
01.01.2016 19:08,0.83,310,1.5
01.01.2016 19:09,0.79,314,1.5
01.01.2016 19:10,1.34,293,1.3
01.01.2016 19:11,0.67,238,1.3
01.01.2016 19:12,0.32,326,1.4
01.01.2016 19:13,0.51,14,1.2
01.01.2016 19:14,0.87,294,1.2
01.01.2016 19:15,1.23,290,1.3
01.01.2016 19:16,0.82,279,1.2
01.01.2016 19:17,1.1,284,1.3
01.01.2016 19:18,0.87,293,1.3
01.01.2016 19:19,0.74,288,1.2
01.01.2016 19:20,0.71,317,1.4
01.01.2016 19:21,0.76,285,1.3
01.01.2016 19:22,0.45,302,1.4
01.01.2016 19:23,0.05,11,1.4
01.01.2016 19:24,0.61,280,1.4
01.01.2016 19:25,0.6,268,1.3
01.01.2016 19:26,0.61,310,1.3
01.01.2016 19:27,0.92,344,1.3
01.01.2016 19:28,1.24,302,1.5
01.01.2016 19:29,1.45,289,1.3
01.01.2016 19:30,0.48,352,1.3
01.01.2016 19:31,0.8,275,1.2
01.01.2016 19:32,1.03,278,1.3
01.01.2016 19:33,0.49,329,1.4
01.01.2016 19:34,0.87,254,1.2
01.01.2016 19:35,1.06,293,1.2
01.01.2016 19:36,1.13,276,1.2
01.01.2016 19:37,1.31,288,1.2
01.01.2016 19:38,0.85,316,1.4
01.01.2016 19:39,1.02,332,1.3
01.01.2016 19:40,0.63,325,1.4
01.01.2016 19:41,1.15,300,1.4
01.01.2016 19:42,0.8,334,1.3
01.01.2016 19:43,0.24,324,1.3
01.01.2016 19:44,1.45,298,1.2
01.01.2016 19:45,0.89,303,1.4
01.01.2016 19:46,1.36,292,1.3
01.01.2016 19:47,0.91,299,1.2
01.01.2016 19:48,0.97,311,1.3
01.01.2016 19:49,1.4,291,1.2
01.01.2016 19:50,1.02,302,1.4
01.01.2016 19:51,0.63,350,1.2
01.01.2016 19:52,1.12,305,1.4
01.01.2016 19:53,1.65,288,1.2
01.01.2016 19:54,1.45,322,1.4
01.01.2016 19:55,1.13,311,1.4
01.01.2016 19:56,1.33,300,1.4
01.01.2016 19:57,0.89,302,1.3
01.01.2016 19:58,0.87,285,1.2
01.01.2016 19:59,1.38,297,1.1
01.01.2016 20:00,1.42,291,1.2
01.01.2016 20:01,1.41,276,1.2
01.01.2016 20:02,1.22,305,1.4
01.01.2016 20:03,0.92,283,1.2
01.01.2016 20:04,1.28,273,1.2
01.01.2016 20:05,1.24,316,1.3
01.01.2016 20:06,1.26,277,1.2
01.01.2016 20:07,1.66,289,1.2
01.01.2016 20:08,1.23,319,1.2
01.01.2016 20:09,0.96,302,1.3
01.01.2016 20:10,1.43,299,1.1
01.01.2016 20:11,1.07,282,1.2
01.01.2016 20:12,1.42,287,1.2
01.01.2016 20:13,1.44,286,1.2
01.01.2016 20:14,1.53,274,1.2
01.01.2016 20:15,1.34,282,1.1
01.01.2016 20:16,1.31,289,1.1
01.01.2016 20:17,0.77,288,1.1
01.01.2016 20:18,1.43,268,1.1
01.01.2016 20:19,1.26,296,1.2
01.01.2016 20:20,1.02,266,1.2
01.01.2016 20:21,1.35,290,1.2
01.01.2016 20:22,0.99,309,1.3
01.01.2016 20:23,0.74,308,1.3
01.01.2016 20:24,1.16,289,1.2
01.01.2016 20:25,1.24,300,1.3
01.01.2016 20:26,1.19,285,1.1
01.01.2016 20:27,1.19,326,1.3
01.01.2016 20:28,1.07,323,1.2
01.01.2016 20:29,1.1,298,1.2
01.01.2016 20:30,0.5,313,1.3
01.01.2016 20:31,0.7,305,1.3
01.01.2016 20:32,1.01,351,1.2
01.01.2016 20:33,1.26,282,1.2
01.01.2016 20:34,0.6,359,1.2
01.01.2016 20:35,1.01,269,1.2
01.01.2016 20:36,1.23,277,1.2
01.01.2016 20:37,1.19,295,1.2
01.01.2016 20:38,1.41,294,1.2
01.01.2016 20:39,1.33,299,1.1
01.01.2016 20:40,1.3,306,1.4
01.01.2016 20:41,1.14,293,1.2
01.01.2016 20:42,1.26,300,1.4
01.01.2016 20:43,1.1,288,1.1
01.01.2016 20:44,1.01,292,1.1
01.01.2016 20:45,0.58,294,1.1
01.01.2016 20:46,1.68,275,1.2
01.01.2016 20:47,0.72,345,1.2
01.01.2016 20:48,0.69,290,1.1
01.01.2016 20:49,1.43,300,1.3
01.01.2016 20:50,0.98,277,1
01.01.2016 20:51,0.73,318,1.3
01.01.2016 20:52,1.03,298,1.1
01.01.2016 20:53,1.21,279,1.1
01.01.2016 20:54,1.11,298,1.1
01.01.2016 20:55,1,306,1.1
01.01.2016 20:56,1.24,277,1.1
01.01.2016 20:57,1.49,281,1.1
01.01.2016 20:58,1.18,297,1
01.01.2016 20:59,1.01,307,1.2
01.01.2016 21:00,0.46,304,1.2
01.01.2016 21:01,0.84,298,1
01.01.2016 21:02,1.52,282,1
01.01.2016 21:03,1.08,293,1
01.01.2016 21:04,1.34,287,1.1
01.01.2016 21:05,1.4,290,1
01.01.2016 21:06,1.34,287,1
01.01.2016 21:07,0.89,302,1.2
01.01.2016 21:08,0.84,324,1.1
01.01.2016 21:09,1.35,280,1
01.01.2016 21:10,1.03,291,0.9
01.01.2016 21:11,1.3,278,0.9
01.01.2016 21:12,1.05,296,1.1
01.01.2016 21:13,0.79,330,1.1
01.01.2016 21:14,0.69,317,1.1
01.01.2016 21:15,0.64,320,1.1
01.01.2016 21:16,0.88,320,1.1
01.01.2016 21:17,0.71,308,1.1
01.01.2016 21:18,0.4,286,1.1
01.01.2016 21:19,0.83,297,1
01.01.2016 21:20,0.78,283,1
01.01.2016 21:21,0.36,355,1
01.01.2016 21:22,0.51,311,1
01.01.2016 21:23,0.49,318,1.1
01.01.2016 21:24,0.77,286,1
01.01.2016 21:25,0.99,299,1.1
01.01.2016 21:26,1.03,256,0.8
01.01.2016 21:27,0.6,266,0.9
01.01.2016 21:28,1.19,333,0.8
01.01.2016 21:29,1.05,294,0.8
01.01.2016 21:30,0.88,316,1
01.01.2016 21:31,0.23,0,0.7
01.01.2016 21:32,0.67,274,0.8
01.01.2016 21:33,0.91,316,0.9
01.01.2016 21:34,1.07,286,0.8
01.01.2016 21:35,0.59,302,0.9
01.01.2016 21:36,1,297,0.8
01.01.2016 21:37,0.8,302,0.9
01.01.2016 21:38,0.89,337,0.8
01.01.2016 21:39,0.25,233,0.8
01.01.2016 21:40,0.53,327,0.8
01.01.2016 21:41,1.01,303,0.8
01.01.2016 21:42,0.73,288,0.6
01.01.2016 21:43,0.75,311,0.8
01.01.2016 21:44,0.23,337,0.7
01.01.2016 21:45,0.7,294,0.6
01.01.2016 21:46,0.95,302,0.8
01.01.2016 21:47,0.97,297,0.5
01.01.2016 21:48,0.45,312,0.8
01.01.2016 21:49,0.31,295,0.5
01.01.2016 21:50,0.73,280,0.6
01.01.2016 21:51,0.93,305,0.8
01.01.2016 21:52,1.05,291,0.6
01.01.2016 21:53,1.02,310,0.7
01.01.2016 21:54,0.83,325,0.7
01.01.2016 21:55,0.89,280,0.7
01.01.2016 21:56,0.89,285,0.6
01.01.2016 21:57,0.89,287,0.7
01.01.2016 21:58,0.8,288,0.6
01.01.2016 21:59,0.79,298,0.6
01.01.2016 22:00,1.13,319,0.7
01.01.2016 22:01,1.23,253,0.5
01.01.2016 22:02,1.44,285,0.6
01.01.2016 22:03,1.05,311,0.7
01.01.2016 22:04,1.04,302,0.8
01.01.2016 22:05,0.8,292,0.5
01.01.2016 22:06,1.2,285,0.4
01.01.2016 22:07,0.79,323,0.6
01.01.2016 22:08,1.12,279,0.4
01.01.2016 22:09,0.81,332,0.5
01.01.2016 22:10,1.11,277,0.5
01.01.2016 22:11,1.22,294,0.4
01.01.2016 22:12,0.99,303,0.6
01.01.2016 22:13,0.69,294,0.4
01.01.2016 22:14,1.26,284,0.5
01.01.2016 22:15,1.22,271,0.5
01.01.2016 22:16,0.77,297,0.4
01.01.2016 22:17,0.91,295,0.3
01.01.2016 22:18,1.09,276,0.5
01.01.2016 22:19,0.47,228,0.5
01.01.2016 22:20,1.08,308,0.6
01.01.2016 22:21,0.58,255,0.4
01.01.2016 22:22,0.66,281,0.4
01.01.2016 22:23,0.5,304,0.5
01.01.2016 22:24,0.68,281,0.4
01.01.2016 22:25,0.83,292,0.4
01.01.2016 22:26,0.78,289,0.4
01.01.2016 22:27,0.95,287,0.4
01.01.2016 22:28,1.2,299,0.4
01.01.2016 22:29,0.87,132,0.5
01.01.2016 22:30,0.2,297,0.4
01.01.2016 22:31,0.73,303,0.7
01.01.2016 22:32,0.38,323,0.6
01.01.2016 22:33,0.2,9,0.6
01.01.2016 22:34,0.14,216,0.3
01.01.2016 22:35,0.09,340,0.6
01.01.2016 22:36,0.45,309,0.6
01.01.2016 22:37,0.11,333,0.4
01.01.2016 22:38,0.84,294,0.5
01.01.2016 22:39,0.53,274,0.4
01.01.2016 22:40,0.28,298,0.4
01.01.2016 22:41,0.51,272,0.4
01.01.2016 22:42,0.32,214,0.4
01.01.2016 22:43,0.91,127,0.4
01.01.2016 22:44,0.46,164,0.5
01.01.2016 22:45,0.45,132,0.5
01.01.2016 22:46,0.43,139,0.5
01.01.2016 22:47,0.31,345,0.5
01.01.2016 22:48,0.65,289,0.4
01.01.2016 22:49,0.5,99,0.4
01.01.2016 22:50,0.68,100,0.3
01.01.2016 22:51,0.43,263,0.4
01.01.2016 22:52,0.44,188,0.4
01.01.2016 22:53,0.67,289,0.3
01.01.2016 22:54,0.7,272,0.4
01.01.2016 22:55,0.45,235,0.5
01.01.2016 22:56,0.16,230,0.3
01.01.2016 22:57,0.24,48,0.4
01.01.2016 22:58,0.21,276,0.3
01.01.2016 22:59,1.16,131,0.2
01.01.2016 23:00,1.55,114,0.2
01.01.2016 23:01,0.14,172,0.5
01.01.2016 23:02,0.73,307,0.4
01.01.2016 23:03,0.64,252,0.1
01.01.2016 23:04,0.12,294,0.2
01.01.2016 23:05,0.34,143,0.4
01.01.2016 23:06,0.23,198,0.1
01.01.2016 23:07,0.13,299,0.2
01.01.2016 23:08,0.41,159,0.2
01.01.2016 23:09,0.73,255,0.3
01.01.2016 23:10,0.29,192,0.2
01.01.2016 23:11,0.26,266,0.3
01.01.2016 23:12,0.1,253,0.2
01.01.2016 23:13,0.71,136,0.3
01.01.2016 23:14,0.89,296,0.1
01.01.2016 23:15,0.92,333,0.1
01.01.2016 23:16,0.58,311,0.3
01.01.2016 23:17,0.48,292,0.3
01.01.2016 23:18,0.49,280,0
01.01.2016 23:19,0.51,279,0.3
01.01.2016 23:20,0.64,293,0.4
01.01.2016 23:21,0.38,182,0.2
01.01.2016 23:22,0.39,123,0.3
01.01.2016 23:23,0.19,192,0.2
01.01.2016 23:24,1.61,129,0.2
01.01.2016 23:25,0.35,345,0.2
01.01.2016 23:26,0.61,46,0.1
01.01.2016 23:27,0.64,318,0.2
01.01.2016 23:28,0.43,299,0.1
01.01.2016 23:29,0.69,330,0.2
01.01.2016 23:30,0.47,316,0.2
01.01.2016 23:31,0.61,351,0
01.01.2016 23:32,0.59,310,0.1
01.01.2016 23:33,0.57,252,0.1
01.01.2016 23:34,0.42,264,0.2
01.01.2016 23:35,0.59,320,0.3
01.01.2016 23:36,0.64,207,0.3
01.01.2016 23:37,0.67,131,0.6
01.01.2016 23:38,0.82,303,0.3
01.01.2016 23:39,0.75,279,0.1
01.01.2016 23:40,0.3,92,0.1
01.01.2016 23:41,0.14,282,0
01.01.2016 23:42,0.46,269,0.1
01.01.2016 23:43,0.85,244,0.1
01.01.2016 23:44,0.54,258,0.2
01.01.2016 23:45,0.71,301,0.2
01.01.2016 23:46,0.87,145,0.4
01.01.2016 23:47,1.5,140,0.5
01.01.2016 23:48,0.69,110,0.3
01.01.2016 23:49,0.18,287,0.1
01.01.2016 23:50,1.61,134,-0.1
01.01.2016 23:51,0.44,177,0.4
01.01.2016 23:52,0.51,116,0.5
01.01.2016 23:53,0.69,124,0.2
01.01.2016 23:54,0.68,111,0.4
01.01.2016 23:55,1.58,131,0.3
01.01.2016 23:56,1.28,127,0.5
01.01.2016 23:57,1.6,122,0.4
01.01.2016 23:58,0.34,26,0.4
01.01.2016 23:59,0.48,82,0.2
